{
  "tools_use": false,
  "tools_system_prompt": "Use the get_weather or get_forecast tool to retrieve the data and return only the tool-call JSON. You must not estimate weather data.\n\n\r\nWhen using the get_weather tool for current weather conditions, always use the following format:\r\n{\r\n  \"name\": \"get_weather\",\r\n  \"arguments\": {\r\n    \"city\": \"<Name of the city>\"\r\n  }\r\n}\r\nWhen using the get_forecast tool for a weather forecast, always use the following format:\r\n{\r\n  \"name\": \"get_forecast\",\r\n  \"arguments\": {\r\n    \"city\": \"<Name of the city>\"\r\n  }\r\n}",
  "tools_json": "[\r\n  {\r\n    \"type\": \"function\",\r\n    \"function\": {\r\n      \"name\": \"get_weather\",\r\n      \"description\": \"Returns the current weather for a specified city.\",\r\n      \"parameters\": {\r\n        \"type\": \"object\",\r\n        \"properties\": {\r\n          \"city\": {\r\n            \"type\": \"string\",\r\n            \"description\": \"The name of the city for which the weather is to be queried.\"\r\n          }\r\n        },\r\n        \"required\": [\"city\"]\r\n      }\r\n    }\r\n  },\r\n  {\r\n    \"type\": \"function\",\r\n    \"function\": {\r\n      \"name\": \"get_forecast\",\r\n      \"description\": \"Returns the weather forecast for the next 5 days in 3-hour intervals for a specified city.\",\r\n      \"parameters\": {\r\n        \"type\": \"object\",\r\n        \"properties\": {\r\n          \"city\": {\r\n            \"type\": \"string\",\r\n            \"description\": \"The name of the city for which the weather forecast is to be queried.\"\r\n          }\r\n        },\r\n        \"required\": [\"city\"]\r\n      }\r\n    }\r\n  }\r\n]",
  "tools_python_code": "import sys\r\nimport json\r\nimport requests\r\n\r\nAPI_KEY = \"ac85d9cdcaef65f8c3130a7d00000000\" # ← API Key openweathermap.org\r\n\r\nUSE_PROXY = False  # ← This variable controls proxy usage\r\n\r\nPROXIES = {\r\n    \"http\": \"http://user:password@prx.net.de:8080\",\r\n    \"https\": \"http://user:password@prx.net.de:8080\"\r\n} if USE_PROXY else None\r\n\r\ndef get_weather(city):\r\n    url = \"https://api.openweathermap.org/data/2.5/weather\"\r\n    # Changed lang to \"en\" for consistent English output\r\n    params = {\"q\": city, \"appid\": API_KEY, \"units\": \"metric\", \"lang\": \"en\"}\r\n    response = requests.get(url, params=params, proxies=PROXIES)\r\n    return response.json()\r\n\r\ndef get_forecast(city):\r\n    url = \"https://api.openweathermap.org/data/2.5/forecast\"\r\n    # Changed lang to \"en\" for consistent English output\r\n    params = {\"q\": city, \"appid\": API_KEY, \"units\": \"metric\", \"lang\": \"en\"}\r\n    response = requests.get(url, params=params, proxies=PROXIES)\r\n    return response.json()\r\n\r\n# Process command line argument\r\nif len(sys.argv) != 2:\r\n    print(\"Please provide a JSON argument.\")\r\n    sys.exit(1)\r\n\r\ntry:\r\n    json_input = json.loads(sys.argv[1])\r\n    name = json_input.get(\"name\")\r\n    city = json_input.get(\"arguments\", {}).get(\"city\")\r\n\r\n    if not city:\r\n        print(\"City name is missing in the argument.\")\r\n        sys.exit(1)\r\n\r\n    if name == \"get_weather\":\r\n        result = get_weather(city)\r\n    elif name == \"get_forecast\":\r\n        result = get_forecast(city)\r\n    else:\r\n        print(\"Invalid function name. Use 'get_weather' or 'get_forecast'.\")\r\n        sys.exit(1)\r\n\r\n    print(json.dumps(result, indent=2, ensure_ascii=False))\r\n\r\nexcept Exception as e:\r\n    print(f\"Error processing JSON: {e}\")\r\n"
}