{
  "execute_parameter": [
    {
      "Language": "python",
      "Program": "python.exe",
      "Argument": "",
      "Tempfile": "temp_script.py",
      "Extention": "py"
    },
    {
      "Language": "powershell",
      "Program": "powershell.exe",
      "Argument": "-File",
      "Tempfile": "temp_script.ps1",
      "Extention": "ps1"
    },
    {
      "Language": "ps1",
      "Program": "powershell.exe",
      "Argument": "-File",
      "Tempfile": "temp_script.ps1",
      "Extention": "ps1"
    },
    {
      "Language": "batch",
      "Program": "cmd.exe",
      "Argument": "/C",
      "Tempfile": "temp_script.bat",
      "Extention": "bat"
    },
    {
      "Language": "bat",
      "Program": "cmd.exe",
      "Argument": "/C",
      "Tempfile": "temp_script.bat",
      "Extention": "bat"
    },
    {
      "Language": "html",
      "Program": "chrome.exe",
      "Argument": "",
      "Tempfile": "temp_web.html",
      "Extention": "html"
    },
    {
      "Language": "javascript",
      "Program": "node",
      "Argument": "",
      "Tempfile": "temp_java.js",
      "Extention": "js"
    },
    {
      "Language": "plaintext",
      "Program": "",
      "Argument": "",
      "Tempfile": "",
      "Extention": "txt"
    },
    {
      "Language": "text",
      "Program": "",
      "Argument": "",
      "Tempfile": "",
      "Extention": "txt"
    },
    {
      "Language": "txt",
      "Program": "",
      "Argument": "",
      "Tempfile": "",
      "Extention": "txt"
    },
    {
      "Language": "json",
      "Program": "",
      "Argument": "",
      "Tempfile": "",
      "Extention": "json"
    }
  ]
}