{
  "system_prompt": "Antworte immer ausführlich und mit Beispielen. Gruppiere die Anwort in Abschnitte. Antworte immer in deutsch und niemals in englisch.",
  "option_parameter": [
    {
      "OptionName": "temperature",
      "Use": false,
      "ValueType": "float",
      "Value": "0,7"
    },
    {
      "OptionName": "top_p",
      "Use": false,
      "ValueType": "float",
      "Value": "0,9"
    },
    {
      "OptionName": "top_k",
      "Use": false,
      "ValueType": "int",
      "Value": "20"
    },
    {
      "OptionName": "num_ctx",
      "Use": false,
      "ValueType": "int",
      "Value": "1024"
    },
    {
      "OptionName": "num_keep",
      "Use": false,
      "ValueType": "int",
      "Value": "5"
    },
    {
      "OptionName": "num_predict",
      "Use": false,
      "ValueType": "int",
      "Value": "500"
    },
    {
      "OptionName": "seed",
      "Use": false,
      "ValueType": "int",
      "Value": "42"
    }
  ],
  "output_system_use": true,
  "output_format_use": false,
  "output_format": "{\r\n  \"$schema\": \"https://json-schema.org/draft/2020-12/schema\",\r\n  \"title\": \"LänderListe\",\r\n  \"type\": \"array\",\r\n  \"items\": {\r\n    \"type\": \"object\",\r\n    \"properties\": {\r\n      \"land\": {\r\n        \"type\": \"string\",\r\n        \"description\": \"Name des Landes\"\r\n      },\r\n      \"hauptstadt\": {\r\n        \"type\": \"string\",\r\n        \"description\": \"Hauptstadt des Landes\"\r\n      },\r\n      \"sprachen\": {\r\n        \"type\": \"array\",\r\n        \"items\": {\r\n          \"type\": \"string\",\r\n          \"description\": \"Name einer Sprache\"\r\n        },\r\n        \"minItems\": 1,\r\n        \"description\": \"Liste der gesprochenen Sprachen\"\r\n      }\r\n    },\r\n    \"required\": [\"land\", \"hauptstadt\", \"sprachen\"],\r\n    \"additionalProperties\": false\r\n  }\r\n}",
  "timeout": "600",
  "thinking_use": false,
  "thinking_parameter": "false",
  "context_use": false,
  "content_prompt": "Bearbeite die Anweisung basierend auf dem Dateiinhalt der folgenden Datei:\r\n{files}\r\nAnweisung:\r\n{prompt}"
}