{
  "system_prompt": "Always respond in detail and with examples. Group the response into sections. Always answer in English and never in German.",
  "option_parameter": [
    {
      "OptionName": "temperature",
      "Use": false,
      "ValueType": "float",
      "Value": "0,7"
    },
    {
      "OptionName": "top_p",
      "Use": false,
      "ValueType": "float",
      "Value": "0,9"
    },
    {
      "OptionName": "top_k",
      "Use": false,
      "ValueType": "int",
      "Value": "20"
    },
    {
      "OptionName": "num_ctx",
      "Use": false,
      "ValueType": "int",
      "Value": "1024"
    },
    {
      "OptionName": "num_keep",
      "Use": false,
      "ValueType": "int",
      "Value": "5"
    },
    {
      "OptionName": "num_predict",
      "Use": false,
      "ValueType": "int",
      "Value": "500"
    },
    {
      "OptionName": "seed",
      "Use": false,
      "ValueType": "int",
      "Value": "42"
    }
  ],
  "output_system_use": true,
  "output_format_use": false,
  "output_format": "{\r\n  \"$schema\": \"https://json-schema.org/draft/2020-12/schema\",\r\n  \"title\": \"CountryList\",\r\n  \"type\": \"array\",\r\n  \"items\": {\r\n    \"type\": \"object\",\r\n    \"properties\": {\r\n      \"country\": {\r\n        \"type\": \"string\",\r\n        \"description\": \"Name of the country\"\r\n      },\r\n      \"capital\": {\r\n        \"type\": \"string\",\r\n        \"description\": \"Capital of the country\"\r\n      },\r\n      \"languages\": {\r\n        \"type\": \"array\",\r\n        \"items\": {\r\n          \"type\": \"string\",\r\n          \"description\": \"Name of a language\"\r\n        },\r\n        \"minItems\": 1,\r\n        \"description\": \"List of spoken languages\"\r\n      }\r\n    },\r\n    \"required\": [\"country\", \"capital\", \"languages\"],\r\n    \"additionalProperties\": false\r\n  }\r\n}",
  "timeout": "600",
  "thinking_use": false,
  "thinking_parameter": "false",
  "context_use": false,
  "content_prompt": "Process the instruction based on the content of the following file(s):\r\n{files}\r\nInstruction:\r\n{prompt}"
}